PDB,PROTAC,E3,target,warhead,linker_R,e3_ligand
5T35,Cc1c2C(c3ccc(cc3)[Cl])=N[C@@H](CC(NCCOCCOCCOCC(N[C@H](C(N3C[C@@H](C[C@H]3C(NCc3ccc(cc3)c3c(C)ncs3)=O)O)=O)C(C)(C)C)=O)=O)c3nnc(C)n3c2sc1C,VHL,BRD4,CC1=C(C2=C(N3C(C)=NN=C3[C@@H](N=C2C4=CC=C(C=C4)Cl)CC([*])=O)S1)C,[*]NCCOCCOCCOC[*],CC1=C(SC=N1)C2=CC=C(C=C2)CNC([C@@H]3C[C@H](CN3C([C@H](C(C)(C)C)NC([*])=O)=O)O)=O
6BN7,Cc1c2C(c3ccc(cc3)[Cl])=N[C@@H](CC(=O)OC)c3nnc(C)n3c2sc1C(NCCCCCCCCNC(COc1cccc2C(N(C(c12)=O)[C@H]1CCC(NC1=O)=O)=O)=O)=O,CRBN,BRD4,COC(C[C@@H]1N=C(C2=C(N3C(C)=NN=C13)SC(C([*])=O)=C2C)C4=CC=C(C=C4)Cl)=O,O=C(CO[*])NCCCCCCCCN[*],O=C1CCC(C(N1)=O)N2C(C3=C([*])C=CC=C3C2=O)=O
6BOY,Cc1c2C(c3ccc(cc3)[Cl])=N[C@@H](CC(NCCCCCCCCNC(COc3cccc4C(N(C(c34)=O)[C@H]3CCC(NC3=O)=O)=O)=O)=O)c3nnc(C)n3c2sc1C,CRBN,BRD4,CC1=C(C2=C(N3C(C)=NN=C3[C@@H](N=C2C4=CC=C(C=C4)Cl)CC([*])=O)S1)C,O=C(CO[*])NCCCCCCCCN[*],O=C1CCC(C(N1)=O)N2C(C3=C([*])C=CC=C3C2=O)=O
6HAX,Cc1c(c2ccc(CNC([C@@H]3C[C@H](CN3C([C@H](C(C)(C)C)NC(C3(CC3)F)=O)=O)O)=O)c(c2)OCCc2ccc(CN3CCN(CC3)c3cc(c4ccccc4O)nnc3N)cc2)scn1,VHL,SMCA2,NC1=NN=C(C=C1N2CCN([*])CC2)C3=CC=CC=C3O,[*]CC(C=C1)=CC=C1CC[*],[*]OC1=C(C=CC(=C1)C2=C(N=CS2)C)CNC(=O)[C@@H]3C[C@H](CN3C(=O)[C@H](C(C)(C)C)NC(=O)C4(CC4)F)O
6HAY,Cc1c(c2ccc(CNC([C@@H]3C[C@H](CN3C([C@H](C(C)(C)C)NC(C3(CC3)F)=O)=O)O)=O)c(c2)OCCOCCOCCN2CCN(CC2)c2cc(c3ccccc3O)nnc2N)scn1,VHL,SMCA2,NC1=NN=C(C=C1N2CCN([*])CC2)C3=CC=CC=C3O,[*]CCOCCOCC[*],[*]OC1=C(C=CC(=C1)C2=C(N=CS2)C)CNC(=O)[C@@H]3C[C@H](CN3C(=O)[C@H](C(C)(C)C)NC(=O)C4(CC4)F)O
6HR2,Cc1c(c2ccc(CNC([C@@H]3C[C@H](CN3C([C@H](C(C)(C)C)NC(C3(CC3)F)=O)=O)O)=O)c(c2)OCCc2ccc(CN3CCN(CC3)c3cc(c4ccccc4O)nnc3N)cc2)scn1,VHL,SMCA4,NC1=NN=C(C=C1N2CCN([*])CC2)C3=CC=CC=C3O,[*]CC(C=C1)=CC=C1CC[*],[*]OC1=C(C=CC(=C1)C2=C(N=CS2)C)CNC(=O)[C@@H]3C[C@H](CN3C(=O)[C@H](C(C)(C)C)NC(=O)C4(CC4)F)O
6W7O,C[C@@H](C(N[C@H](C(N1Cc2cc(ccc2C[C@H]1C(N[C@@H]1CCCc2ccccc12)=O)OCc1cnc(COC(N2CCC[C@H](C2)n2c(c(C(N)=O)c(c3ccc(cc3)Oc3ccc(cc3F)F)n2)N)=O)cn1)=O)C(C)(C)C)=O)NC,cIAP,BTK,[*]C(=O)N1CCC[C@H](C1)N2C(=C(C(=N2)C3=CC=C(C=C3)OC4=C(C=C(C=C4)F)F)C(=O)N)N,[*]OCC1=NC=C(CO[*])N=C1,[*]C1=CC2=C(C[C@H](N(C2)C(=O)[C@H](C(C)(C)C)NC(=O)[C@H](C)NC)C(=O)N[C@@H]3CCCC4=CC=CC=C34)C=C1
6W8I,C[C@@H](C(N[C@H](C(N1Cc2cc(ccc2C[C@H]1C(N[C@@H]1CCCc2ccccc12)=O)OCCOCCOCCOCCOCCOC(N1CCC[C@H](C1)n1c(c(C(N)=O)c(c2ccc(cc2)Oc2ccc(cc2F)F)n1)N)=O)=O)C(C)(C)C)=O)NC,cIAP,BTK,NC(C1=C(N(N=C1C2=CC=C(C=C2)OC3=CC=C(C=C3F)F)[C@@H]4CCCN(C4)C([*])=O)N)=O,[*]OCCOCCOCCOCCOCCO[*],CN[C@H](C(N[C@@H](C(C)(C)C)C(N1CC2=CC([*])=CC=C2C[C@H]1C(N[C@@H]3CCCC4=CC=CC=C43)=O)=O)=O)C
6ZHC,Cc1c(c2ccc(CNC([C@@H]3C[C@H](CN3C([C@H](C(C)(C)C)NC(CCOCCOCCOCCOCCOCCOCC#Cc3ccc(cc3)OCCCc3c(C([O-])=O)nc(N4CCc5cccc(C(Nc6nc7ccccc7s6)=O)c5C4)s3)=O)=O)O)=O)cc2)scn1,VHL,B2CL1,[*]C#CC1=CC=C(OCCCC2=C(C(O)=O)N=C(N3CCC4=C(C(C(NC5=NC6=CC=CC=C6S5)=O)=CC=C4)C3)S2)C=C1,[*]COCCOCCOCCOCCOCCOCC[*],[*]C(=O)N[C@H](C(=O)N1C[C@@H](C[C@H]1C(=O)NCC2=CC=C(C=C2)C3=C(N=CS3)C)O)C(C)(C)C
7JTO,n1csc(c1C)-c(cc2)ccc2CNC(=O)[C@@H]3C[C@@H](O)CN3C(=O)[C@H](C(C)(C)C)NC(=O)CCCCCCCCCC(=O)NCCN4CCN(CC4)Cc5cc(ccc5)-c6cc(c(cc6)N(CC7)CCN7C)NC(=O)c8c(C(F)(F)F)cc(=O)[nH]c8,VHL,WDR5,CN5CCN(c3ccc(c2cccc(CN1CCN([*])CC1)c2)cc3NC(=O)c4c[nH]c(=O)cc4C(F)(F)F)CC5,O=C(NCC[*])CCCCCCCCC[*],[*]C(=O)N[C@H](C(=O)N1C[C@@H](C[C@H]1C(=O)NCC2=CC=C(C=C2)C3=C(N=CS3)C)O)C(C)(C)C
7JTP,Cc1c(c2ccc(cc2)[C@H](C)NC([C@@H]2C[C@H](CN2C([C@H](C(C)(C)C)NC(CNC(c2ccc(c(c2)c2ccc(c(c2)NC(C2=CNC(C=C2C(F)(F)F)=O)=O)N2C[C@H](C)N(C)[C@H](C)C2)F)=O)=O)=O)O)=O)scn1,VHL,WDR5,CN1[C@@H](C)CN(C2=C(NC(C3=CNC(C=C3C(F)(F)F)=O)=O)C=C(C4=CC([*])=CC=C4F)C=C2)C[C@H]1C,O=C([*])NC[*],[*]C(=O)N[C@H](C(=O)N1C[C@@H](C[C@H]1C(=O)N[C@@H](C)C2=CC=C(C=C2)C3=C(N=CS3)C)O)C(C)(C)C
7KHH,Cc1c(c2ccc(CNC([C@@H]3C[C@H](CN3C([C@H](C(C)(C)C)NC(CCCCCCCCCCNC(c3cc4c(cc3CS(C)(=O)=O)C3=CN(C)C(c5c3c(CN4c3c(cc(cn3)F)F)c[nH]5)=O)=O)=O)=O)O)=O)cc2)scn1,VHL,BRD4,FC(C=C1F)=CN=C1N(C2=C3C=C(CS(C)(=O)=O)C(C(N[*])=O)=C2)CC4=CNC5=C4C3=CN(C5=O)C,[*]CCCCCCCCCC[*],[*]C(=O)N[C@H](C(=O)N1C[C@@H](C[C@H]1C(=O)NCC2=CC=C(C=C2)C3=C(N=CS3)C)O)C(C)(C)C
7Q2J,Cc1ncsc1c7ccc(CNC(=O)[C@@H]2C[C@@H](O)CN2C(=O)[C@@H](NC(=O)CCCCNC(=O)c6ccc(c5ccc(N3CCN(C)CC3)c(NC(=O)c4c[nH]c(=O)cc4C(F)(F)F)c5)cc6)C(C)(C)C)cc7,VHL,WDR5,CN4CCN(c2ccc(c1ccc([*])cc1)cc2NC(=O)c3c[nH]c(=O)cc3C(F)(F)F)CC4,O=C([*])NCCCC[*],[*]C(=O)N[C@H](C(=O)N1C[C@@H](C[C@H]1C(=O)NCC2=CC=C(C=C2)C3=C(N=CS3)C)O)C(C)(C)C
7S4E,Cc1c(c2ccc(CNC([C@@H]3C[C@H](CN3C([C@H](C(C)(C)C)NC(C3(CC3)F)=O)=O)O)=O)c(c2)OCCOc2ccc(CN3CCN(CC3)c3cc(c4ccccc4O)nnc3N)cc2)scn1,VHL,SMCA2,NC1=NN=C(C=C1N2CCN([*])CC2)C3=CC=CC=C3O,[*]CCOc1ccc(C[*])cc1,[*]OC1=C(C=CC(=C1)C2=C(N=CS2)C)CNC(=O)[C@@H]3C[C@H](CN3C(=O)[C@H](C(C)(C)C)NC(=O)C4(CC4)F)O
7Z6L,Cc1c(c2ccc(CNC([C@@H]3C[C@H](CN3C([C@H](C(C)(C)C)NC(C3(CC3)F)=O)=O)O)=O)c(c2)OCCCN2CCC(CC2)c2ccc3c(c2)N(C2CCCC2)C2=NC(c4c(cccc4[Br])N23)=O)scn1,VHL,SMCA2,BrC1=CC=CC2=C1C(N=C3N(C4=CC(C5CCN([*])CC5)=CC=C4N23)C6CCCC6)=O,[*]CCC[*],CC(N=CS1)=C1C2=CC=C(CNC([C@@H]3C[C@H](CN3C([C@H](C(C)(C)C)NC(C4(CC4)F)=O)=O)O)=O)C(O[*])=C2
7Z76,Cc1c(c2ccc(cc2)[C@H](CO[C@H](C)CN2CCC(CC2)c2ccc3c(c2)N(C2CCCC2)C2=NC(c4c(cccc4[Br])N23)=O)NC([C@@H]2C[C@H](CN2C([C@H](C(C)(C)C)NC(C2(CC2)N(C)C)=O)=O)O)=O)scn1,VHL,SMCA2,BrC1=CC=CC2=C1C(N=C3N(C4=CC(C5CCN([*])CC5)=CC=C4N23)C6CCCC6)=O,C[C@H](C[*])OC[*],CC(N=CS1)=C1C(C=C2)=CC=C2[C@H]([*])NC([C@@H]3C[C@H](CN3C([C@H](C(C)(C)C)NC(C4(CC4)N(C)C)=O)=O)O)=O
7Z77,Cc1c(c2ccc(cc2)[C@H](CCCN2CCC(CC2)c2ccc3c(c2)N(C2CCCC2)C2=NC(c4c(cccc4[Br])N23)=O)NC([C@@H]2C[C@H](CN2C([C@H](C(C)(C)C)NC(C2(CC2)F)=O)=O)O)=O)scn1,VHL,SMCA2,BrC1=CC=CC2=C1C(N=C3N(C4=CC(C5CCN([*])CC5)=CC=C4N23)C6CCCC6)=O,[*]CCC[*],O=C([C@H]1N(C([C@@H](NC(C2(F)CC2)=O)C(C)(C)C)=O)C[C@H](O)C1)N[C@H](C3=CC=C(C4=C(C)N=CS4)C=C3)[*]
7ZNT,Cc1c2C(c3ccc(cc3)[Cl])=N[C@@H](CC(NCCCCCCSC(C)(C)[C@@H](C(N3C[C@@H](C[C@H]3C(NCc3ccc(cc3)c3c(C)ncs3)=O)O)=O)NC(C3(CC3)F)=O)=O)c3nnc(C)n3c2sc1C,VHL,BRD4,CC1=C(C2=C(N3C(C)=NN=C3[C@@H](N=C2C4=CC=C(C=C4)Cl)CC([*])=O)S1)C,[*]NCCCCCCS[*],Cc1ncsc1c4ccc(CNC(=O)[C@@H]2C[C@@H](O)CN2C(=O)[C@@H](NC(=O)C3(F)CC3)C(C)(C)[*])cc4
8BB2,n1csc(c1C)-c(cc2)ccc2CNC(=O)[C@@H]3C[C@@H](O)CN3C(=O)[C@H](C(C)(C)C)NC(=O)CCOCCOCCOCCOCCNC(=O)c4ccc(cc4)-c5cc(c(cc5)N(CC6)CCN6C)NC(=O)c7c(C(F)(F)F)cc(=O)[nH]c7,VHL,WDR5,CN4CCN(c2ccc(c1ccc(C(=O)N[*])cc1)cc2NC(=O)c3c[nH]c(=O)cc3C(F)(F)F)CC4,[*]CCOCCOCCOCCOCC[*],Cc1ncsc1c3ccc(CNC(=O)[C@@H]2C[C@@H](O)CN2C(=O)[C@@H](NC(=O)[*])C(C)(C)C)cc3
8BB3,n1csc(c1C)-c(cc2)ccc2CNC(=O)[C@@H]3C[C@@H](O)CN3C(=O)[C@H](C(C)(C)C)NC(=O)CCOCCOCCOCCOCCNC(=O)c4ccc(cc4)-c5cc(c(cc5)N(CC6)CCN6C)NC(=O)c7c(C(F)(F)F)cc(=O)[nH]c7,VHL,WDR5,CN4CCN(c2ccc(c1ccc(C(=O)N[*])cc1)cc2NC(=O)c3c[nH]c(=O)cc3C(F)(F)F)CC4,[*]CCOCCOCCOCCOCC[*],Cc1ncsc1c3ccc(CNC(=O)[C@@H]2C[C@@H](O)CN2C(=O)[C@@H](NC(=O)[*])C(C)(C)C)cc3
8BB4,Cc1ncsc1c7ccc(CNC(=O)[C@@H]2C[C@@H](O)CN2C(=O)[C@@H](NC(=O)CCCNC(=O)c6ccc(c5ccc(N3CCN(C)CC3)c(NC(=O)c4c[nH]c(=O)cc4C(F)(F)F)c5)cc6)C(C)(C)C)cc7,VHL,WDR5,CN4CCN(c2ccc(c1ccc(C(=O)N[*])cc1)cc2NC(=O)c3c[nH]c(=O)cc3C(F)(F)F)CC4,[*]CCC[*],Cc1ncsc1c3ccc(CNC(=O)[C@@H]2C[C@@H](O)CN2C(=O)[C@@H](NC(=O)[*])C(C)(C)C)cc3
8BB5,Cc1ncsc1c8ccc(CNC(=O)[C@@H]2C[C@@H](O)CN2C(=O)[C@@H](NC(=O)Cc7ccc(CNC(=O)c6ccc(c5ccc(N3CCN(C)CC3)c(NC(=O)c4c[nH]c(=O)cc4C(F)(F)F)c5)cc6)cc7)C(C)(C)C)cc8,VHL,WDR5,CN4CCN(c2ccc(c1ccc(C(=O)N[*])cc1)cc2NC(=O)c3c[nH]c(=O)cc3C(F)(F)F)CC4,[*]c1ccc([*])cc1,Cc1ncsc1c3ccc(CNC(=O)[C@@H]2C[C@@H](O)CN2C(=O)[C@@H](NC(=O)[*])C(C)(C)C)cc3
8BDS,CC(C)[C@@H](C(N1C[C@@H](C[C@H]1C(N[C@@H](CC(NCCOCCOCCOCCNC(C[C@H]1c2nnc(C)n2c2c(C(c3ccc(cc3)[Cl])=N1)c(C)c(C)s2)=O)=O)c1ccc(cc1)[Cl])=O)O)=O)c1cc(C)no1,VHL,BRD4,CC1=C(C2=C(N3C(C)=NN=C3[C@@H](N=C2C4=CC=C(C=C4)Cl)CC([*])=O)S1)C,[*]NCCOCCOCCOCCN[*],Cc3cc([C@H](C(=O)N1C[C@H](O)C[C@H]1C(=O)N[C@@H](CC(=O)[*])c2ccc(Cl)cc2)C(C)C)on3
8BDT,CC(C)[C@@H](C(N1C[C@@H](C[C@H]1C(N[C@@H](CC(NCCOCCOCCOCCNC(C[C@H]1c2nnc(C)n2c2c(C(c3ccc(cc3)[Cl])=N1)c(C)c(C)s2)=O)=O)c1ccc(cc1)c1c(C)ncs1)=O)O)=O)c1cc(C)no1,VHL,BRD4,CC1=C(C2=C(N3C(C)=NN=C3[C@@H](N=C2C4=CC=C(C=C4)Cl)CC([*])=O)S1)C,[*]NCCOCCOCCOCCN[*],Cc4cc([C@H](C(=O)N1C[C@H](O)C[C@H]1C(=O)N[C@@H](CC(=O)[*])c3ccc(c2scnc2C)cc3)C(C)C)on4
8BDX,CC(C)[C@@H](C(N1C[C@@H](C[C@H]1C(N[C@@H](CC(NCCOCCOCCOCCNC(C[C@H]1c2nnc(C)n2c2c(C(c3ccc(cc3)[Cl])=N1)c(C)c(C)s2)=O)=O)c1ccc(cc1)[Cl])=O)O)=O)c1cc(C)no1,VHL,BRD4,CC1=C(C2=C(N3C(C)=NN=C3[C@@H](N=C2C4=CC=C(C=C4)Cl)CC([*])=O)S1)C,[*]NCCOCCOCCOCCN[*],Cc3cc([C@H](C(=O)N1C[C@H](O)C[C@H]1C(=O)N[C@@H](CC(=O)[*])c2ccc(Cl)cc2)C(C)C)on3
8BEB,CC(C)[C@@H](C(N1C[C@@H](C[C@H]1C(N[C@@H](CC(NCCCCNC(C[C@H]1c2nnc(C)n2c2c(C(c3ccc(cc3)[Cl])=N1)c(C)c(C)s2)=O)=O)c1ccc(cc1)c1c(C)ncs1)=O)O)=O)c1cc(C)no1,VHL,BRD4,CC1=C(C2=C(N3C(C)=NN=C3[C@@H](N=C2C4=CC=C(C=C4)Cl)CC([*])=O)S1)C,[*]NCCCCN[*],Cc4cc([C@H](C(=O)N1C[C@H](O)C[C@H]1C(=O)N[C@@H](CC(=O)[*])c3ccc(c2scnc2C)cc3)C(C)C)on4
8DSO,c1cccc(c12)CCC[C@H]2NC(=O)[C@@H]3C[C@@H](CN3C(=O)[C@@H](NC(=O)[C@H](C)NC)C4CCCCC4)NC(=O)COCCN(CC5)CCN5CCCC(=O)N(C6)CCC[C@H]6n(c(c78)ncnc8N)nc7-c9ccc(cc9)Oc1ccccc1,cIAP,BTK,CN[C@@H](C)C(=O)N[C@H](C(=O)N1C[C@@H](N[*])C[C@H]1C(=O)N[C@@H]3CCCc2ccccc23)C4CCCCC4,O=C([*])COCCN1CCN(C[*])CC1,Nc1ncnc4c1c(c3ccc(Oc2ccccc2)cc3)nn4[C@@H]5CCCN(C(=O)CC[*])C5
8FY0,Cc1c(c2ccc(cc2)[C@H](C)NC([C@@H]2C[C@H](CN2C([C@H](C(C)(C)C)NC(CCCCCCC(N2CCN(CC2)C[C@]2(C)CC[C@H](c3ccc(cc3)[Cl])[C@@H](C2)CN2CCN(CC2)c2ccc(cc2)C(NS(c2ccc(c(c2)S(C(F)(F)F)(=O)=O)N[C@H](CCN2CCOCC2)CSc2ccccc2)(=O)=O)=O)=O)=O)=O)O)=O)scn1,VHL,B2CL1,CC8(CN1CCN([*])CC1)CCC(c2ccc(Cl)cc2)C(CN7CCN(c6ccc(C(=O)NS(=O)(=O)c5ccc(NC(CCN3CCOCC3)CSc4ccccc4)c(S(=O)(=O)C(F)(F)F)c5)cc6)CC7)C8,O=C([*])CCCCCCC(=O)[*],Cc1ncsc1c3ccc(C(C)NC(=O)C2CC(O)CN2C(=O)C(N[*])C(C)(C)C)cc3
8FY1,Cc1c(c2ccc(cc2)[C@H](C)NC([C@@H]2C[C@H](CN2C([C@H](C(C)(C)C)NC(CCCCCCC(N2CCN(CC2)C[C@]2(C)CCC(=C(C2)CN2CCN(CC2)c2ccc(cc2)C(NS(c2ccc(c(c2)S(C(F)(F)F)(=O)=O)N[C@H](CCN2CCOCC2)CSc2ccccc2)(=O)=O)=O)c2ccc(cc2)[Cl])=O)=O)=O)O)=O)scn1,VHL,BCL2,C[C@@]7(C[*])CCC(c1ccc(Cl)cc1)=C(CN6CCN(c5ccc(C(=O)NS(=O)(=O)c4ccc(NC(CCN2CCOCC2)CSc3ccccc3)c(S(=O)(=O)C(F)(F)F)c4)cc5)CC6)C7,O=C([*])CCCCCCC(=O)N1CCN([*])CC1,Cc1ncsc1c3ccc([C@H](C)NC(=O)[C@@H]2C[C@@H](O)CN2C(=O)[C@@H](N[*])C(C)(C)C)cc3
8FY2,Cc1c(c2ccc(cc2)[C@H](C)NC([C@@H]2C[C@@H](CN2C([C@H](C(C)(C)C)NC(CN2CCN(CC2)CC(N2CCN(CC2)C[C@]2(C)CCC(=C(C2)CN2CCN(CC2)c2ccc(cc2)C(NS(c2ccc(c(c2)S(C(F)(F)F)(=O)=O)N[C@H](CCN2C[C@H]3C[C@@H]2CO3)CSc2ccccc2)(=O)=O)=O)c2ccc(cc2)[Cl])=O)=O)=O)O)=O)scn1,VHL,BCL2,C[C@@]8(C[*])CCC(c1ccc(Cl)cc1)=C(CN7CCN(c6ccc(C(=O)NS(=O)(=O)c5ccc(NC(CCN2CC3CC2CO3)CSc4ccccc4)c(S(=O)(=O)C(F)(F)F)c5)cc6)CC7)C8,O=C([*])CN2CCN(CC(=O)N1CCN([*])CC1)CC2,Cc1ncsc1c3ccc([C@H](C)NC(=O)[C@@H]2C[C@@H](O)CN2C(=O)[C@@H](N[*])C(C)(C)C)cc3
8G1P,CC1=C(SC=N1)C2=CC(OCCC(C=C3)=CC=C3CN(CC4)CCN4C(C=C(N=N5)C6=C(C=CC=C6)O)=C5N)=C(C=C2)CNC([C@@H]7C[C@H](CN7C([C@H](C(C)(C)C)NC(C8(CC8)F)=O)=O)O)=O,VHL,SMARCA2,NC1=NN=C(C=C1N2CCN([*])CC2)C3=CC=CC=C3O,[*]CC(C=C1)=CC=C1CC[*],[*]OC1=C(C=CC(=C1)C2=C(N=CS2)C)CNC(=O)[C@@H]3C[C@H](CN3C(=O)[C@H](C(C)(C)C)NC(=O)C4(CC4)F)O
8G1Q,O=C(N[C@@H](C(C)(C)C)C(N1[C@H](C(N[C@H](C2=CC=C(C3=C(C)N=CS3)C=C2)C)=O)C[C@@H](O)C1)=O)C4=CC=NC(N5CCN(C6=CC(C7=CC=CC=C7O)=NN=C6N)CC5)=C4,VHL,SMARCA2,OC1=CC=CC=C1C2=NN=C(N)C(N3CCN([*])CC3)=C2,[*]C1=CC([*])=CC=N1,O=C([*])N[C@@H](C(C)(C)C)C(N1[C@H](C(N[C@H](C2=CC=C(C3=C(C)N=CS3)C=C2)C)=O)C[C@@H](O)C1)=O
8PC2,Cc1c(c2ccc(CNC([C@@H]3C[C@H](CN3C([C@H](C(C)(C)C)NC(C3(CC3)F)=O)=O)O)=O)c(c2)OCCCn2cc(COc3ccc(cc3)[C@@H](CCc3ccc(c(c3)OC)OC)OC([C@@H]3CCCCN3C([C@@H](C3CCCCC3)c3cc(c(c(c3)OC)OC)OC)=O)=O)nn2)scn1,VHL,FKBP5,COc5ccc(CC[C@@H](OC(=O)[C@@H]1CCCCN1C(=O)[C@H](c2cc(OC)c(OC)c(OC)c2)C3CCCCC3)c4ccc(O[*])cc4)cc5OC,[*]CCCn1cc(C[*])nn1,Cc1ncsc1c4ccc(CNC(=O)[C@@H]2C[C@@H](O)CN2C(=O)[C@@H](NC(=O)C3(F)CC3)C(C)(C)C)c(O[*])c4
8QJR,CC(C)[C@@H](C(N1C[C@@H](C[C@H]1C(N[C@@H](C)c1ccc(cc1)c1c(C)ncs1)=O)O)=O)c1cc(no1)OCCN1CCC(CC1)O[C@H]1C[C@@H](C1)Oc1cc(ccn1)N1[C@H]2CC[C@@H]1CN(C2)c1cc(c2ccccc2O)nnc1N,VHL,SMCA4,Nc2nnc(c1ccccc1O)cc2N3C[C@@H]4CC[C@H](C3)N4c5ccnc([*])c5,[*]OCCN2CCC(O[C@@H]1C[C@@H](O[*])C1)CC2,Cc1ncsc1c4ccc([C@H](C)NC(=O)[C@@H]2C[C@@H](O)CN2C(=O)[C@@H](c3cc([*])no3)C(C)C)cc4
8QU8,CC(C)[C@@H](C(N1C[C@@H](C[C@H]1C(N[C@@H](CO)c1ccc(cc1)c1c(C)ncs1)=O)O)=O)n1cc(nn1)OCCCCN1CCCN(c2nccc(c3nc([C@@]4(C)CCCc5c4c(C#N)c(N)s5)on3)n2)[C@@H](C)C1,VHL,KRAS,C[C@H]1CN([*])CCCN1c5nccc(c4noc([C@@]3(C)CCCc2sc(N)c(C#N)c23)n4)n5,CC(C)[C@@H](C(=O)N1C[C@H](O)C[C@H]1C(=O)[*])n2cc(OCCCC[*])nn2,Cc1ncsc1c2ccc([C@H](CO)N[*])cc2
8QVU,CC(C)[C@@H](C(N1C[C@@H](C[C@H]1C(N[C@@H](CO)c1ccc(cc1)c1c(C)ncs1)=O)O)=O)n1cc(nn1)OCCCCN1CCCN(c2nccc(c3nc([C@@]4(C)CCCc5c4c(C#N)c(N)s5)on3)n2)[C@@H](C)C1,VHL,KRAS,C[C@H]1CN([*])CCCN1c5nccc(c4noc([C@@]3(C)CCCc2sc(N)c(C#N)c23)n4)n5,CC(C)[C@@H](C(=O)N1C[C@H](O)C[C@H]1C(=O)[*])n2cc(OCCCC[*])nn2,Cc1ncsc1c2ccc([C@H](CO)N[*])cc2
8QW6,Cc1c(c2ccc(CNC([C@@H]3C[C@H](CN3C([C@H](C(C)(C)C)NC(CCCCCN3CCCN(c4nccc(c5nc([C@@]6(C)CCCc7c6c(C#N)c(N)s7)on5)n4)[C@@H](C)C3)=O)=O)O)=O)cc2)scn1,VHL,KRAS,C[C@H]1CN([*])CCCN1c5nccc(c4noc([C@@]3(C)CCCc2sc(N)c(C#N)c23)n4)n5,CC(C)(C)[C@H](NC(=O)CCCCC[*])C(=O)N1C[C@H](O)C[C@H]1C(=O)[*],Cc1ncsc1c2ccc(CN[*])cc2
8QW7,CC(C)[C@@H](C(N1C[C@@H](C[C@H]1C(NCc1ccc(cc1)c1c(C)ncs1)=O)O)=O)c1cc(no1)OCCCCN1CCCN(c2nccc(c3nc([C@@]4(C)CCCc5c4c(C#N)c(N)s5)on3)n2)[C@@H](C)C1,VHL,KRAS,C[C@H]1CN([*])CCCN1c5nccc(c4noc([C@@]3(C)CCCc2sc(N)c(C#N)c23)n4)n5,CC(C)[C@@H](C(=O)N1C[C@H](O)C[C@H]1C(=O)[*])c2cc(OCCCC[*])no2,Cc1ncsc1c2ccc(CN[*])cc2
8R5H,Cc1c2C(c3ccc(cc3)[Cl])=N[C@@H](CC(NCCOCCOCCOCC(N[C@H](C(N3C[C@@H](C[C@H]3C(NCc3ccc(cc3)c3c(C)ncs3)=O)O)=O)C(C)(C)C)=O)=O)c3nnc(C)n3c2sc1C,VHL,BRD4,CC1=C(C2=C(N3C(C)=NN=C3[C@@H](N=C2C4=CC=C(C=C4)Cl)CC([*])=O)S1)C,[*]COCCOCCOCCN[*],CC1=C(SC=N1)C2=CC=C(C=C2)CNC([C@@H]3C[C@H](CN3C([C@H](C(C)(C)C)NC([*])=O)=O)O)=O
8RWZ,Cc1c2C(c3ccc(cc3)[Cl])=N[C@@H](CC(NCCOCCOCCOCC(N[C@H](C(N3C[C@@H](C[C@H]3C(NCc3ccc(cc3)c3c(C)ncs3)=O)O)=O)C(C)(C)C)=O)=O)c3nnc(C)n3c2sc1C,VHL,BRD4,CC1=C(C2=C(N3C(C)=NN=C3[C@@H](N=C2C4=CC=C(C=C4)Cl)CC([*])=O)S1)C,[*]COCCOCCOCCN[*],CC1=C(SC=N1)C2=CC=C(C=C2)CNC([C@@H]3C[C@H](CN3C([C@H](C(C)(C)C)NC([*])=O)=O)O)=O
